Company_Name,Rating,Reviews,Company_Type,Location,Salaries,Interviews,Jobs,Benefits,Photos,Highly_Rated_For
iEnergizer,4.6,(27.2k),BPO,Noida +53 other locations,24.8k,1.6k,90,549,29,"Salary, Company Culture, Work Life Balance"
Muthoot FinCorp,4.5,(13.2k),NBFC,Bengaluru +1121 other locations,9.4k,2.4k,46,286,103,"Company Culture, Work Life Balance, Job Security"
Indian Army,4.7,(6.3k),Defence & Aerospace,New Delhi +360 other locations,9.3k,212,--,745,12,"Job Security, Company Culture, Work Life Balance"
Kogta Financial India Limited,4.7,(4.1k),NBFC,New Delhi +260 other locations,1.9k,252,91,32,39,"Company Culture, Work Life Balance, Work Satisfaction"
Cloudnine Hospital,4.5,(3.9k),Healthcare,Bengaluru +46 other locations,3.1k,1.5k,25,119,7,"Company Culture, Skill Development, Work Life Balance"
Indian Air Force,4.6,(3.3k),Defence & Aerospace,New Delhi +134 other locations,5.3k,86,2,357,--,"Job Security, Company Culture, Skill Development"
Marpu Foundation,4.9,(3.1k),Non-Profit,Hyderabad +61 other locations,61,266,--,8,5,"Company Culture, Work Life Balance, Work Satisfaction"
Tekwissen,4.9,(1.9k),IT Services & Consulting,New Delhi +5 other locations,607,341,448,3,12,"Company Culture, Work Life Balance, Work Satisfaction"
Indian Navy,4.6,(1.7k),Defence & Aerospace,Mumbai +75 other locations,3.4k,39,--,246,2,"Job Security, Skill Development, Company Culture"
Labmentix,4.5,(1.6k),Bengaluru +32 other locations,,35,556,--,18,--,"Work Life Balance, Skill Development, Company Culture"
mPokket,4.5,(1.5k),NBFC,Kolkata +22 other locations,1.6k,395,7,30,31,"Job Security, Company Culture, Work Life Balance"
Hire In Global,4.9,(1.4k),Recruitment,Mumbai +63 other locations,8,302,--,33,--,"Company Culture, Work Life Balance, Work Satisfaction"
Bluestock ™,4.5,(1.3k),FinTech,Pune +44 other locations,62,387,--,1,1,"Work Life Balance, Skill Development, Company Culture"
Royal Migration Solutions,4.9,(1.3k),Other,New Delhi +12 other locations,5,1,--,1,--,"Company Culture, Work Life Balance, Work Satisfaction"
Baazar Retail Private Limited,4.5,(1.2k),Retail,Kolkata +110 other locations,1.5k,85,1,17,12,"Company Culture, Work Life Balance, Job Security"
Wonder Home Finance,4.6,(1.1k),NBFC,New Delhi +120 other locations,765,192,2,9,31,"Company Culture, Work Life Balance, Work Satisfaction"
Northcorp Software,4.9,(1.1k),IT Services & Consulting,Gurugram +7 other locations,220,865,4,54,1,"Work Life Balance, Work Satisfaction, Job Security"
Jet Airways,4.6,(1.1k),Aviation,Mumbai +44 other locations,1.9k,24,--,180,--,"Work Satisfaction, Company Culture, Work Life Balance"
Nippon Life India Asset Management,4.6,(1k),Financial Services,Mumbai +189 other locations,1.6k,158,69,23,--,"Company Culture, Work Life Balance, Job Security"
Incheon Motors,4.7,(1k),Automobile,New Delhi +16 other locations,347,297,6,7,7,"Company Culture, Job Security, Skill Development"
Defence Research & Development Organisation,4.4,(958),Defence & Aerospace,Hyderabad +59 other locations,3.9k,78,--,88,--,"Work Life Balance, Work Satisfaction, Skill Development"
Duck Creek Technologies,4.5,(840),Software Product,Mumbai +9 other locations,1.3k,87,9,399,4,"Company Culture, Work Life Balance, Work Satisfaction"
Nippon Koei India,4.7,(792),Engineering & Construction,New Delhi +70 other locations,1.3k,165,6,27,21,"Company Culture, Work Life Balance, Work Satisfaction"
Aurigo Software Technologies,4.6,(764),Software Product,Bengaluru +6 other locations,1k,36,25,136,14,"Company Culture, Work Life Balance, Salary"
1 India Family Mart,4.6,(750),Retail,New Delhi +98 other locations,1.5k,39,2,42,2,"Company Culture, Work Life Balance, Work Satisfaction"
Sterling Tools,4.5,(747),Auto Components,New Delhi +16 other locations,1.2k,233,14,31,12,"Company Culture, Work Life Balance, Work Satisfaction"
Evision Technoserve,4.8,(738),IT Services & Consulting,Pune +44 other locations,216,323,--,24,--,"Company Culture, Work Life Balance, Work Satisfaction"
Lavender Technology,4.9,(724),IT Services & Consulting,Bengaluru +8 other locations,19,4,--,53,3,"Company Culture, Promotions, Skill Development"
Joyalukkas,4.6,(703),Retail,Bengaluru +76 other locations,997,190,3,193,2,"Job Security, Salary, Company Culture"
LEAP India Limited,4.6,(696),Packaging,Mumbai +48 other locations,1.3k,32,6,31,14,"Salary, Company Culture, Work Life Balance"
Samunnati,4.5,(694),NBFC,Chennai +61 other locations,937,84,--,287,6,"Company Culture, Work Life Balance, Work Satisfaction"
Office Beacon,4.6,(681),BPO,New Delhi +20 other locations,896,68,5,15,--,"Company Culture, Job Security, Skill Development"
InternEzy,4.9,(676),EdTech,Chennai +6 other locations,5,126,4,97,--,"Company Culture, Work Life Balance, Work Satisfaction"
HCL Healthcare,4.6,(672),Healthcare,Noida +40 other locations,977,176,16,21,62,"Company Culture, Work Life Balance, Work Satisfaction"
NextComm Corporation,4.8,(669),Software Product,Bengaluru +8 other locations,39,6,--,31,3,"Work Life Balance, Company Culture, Work Satisfaction"
ExportersIndia,4.9,(637),Internet,New Delhi +2 other locations,130,32,--,11,69,"Company Culture, Work Life Balance, Work Satisfaction"
Central Reserve Police Force,4.6,(620),Government,New Delhi +95 other locations,1.3k,10,--,43,--,"Job Security, Salary, Company Culture"
Columbia Asia,4.6,(594),Healthcare,Bengaluru +18 other locations,1.4k,19,--,99,--,"Company Culture, Skill Development, Work Life Balance"
Matrimonialsindia,4.9,(579),Internet,New Delhi +1 other locations,117,13,--,6,56,"Company Culture, Work Life Balance, Work Satisfaction"
Icl Fincorp,4.7,(577),NBFC,New Delhi +65 other locations,619,143,4,1,8,"Company Culture, Work Life Balance, Work Satisfaction"
MITS Global Consulting,4.5,(562),Recruitment,Mumbai +12 other locations,924,43,--,105,--,"Company Culture, Work Life Balance, Salary"
Maxgen Technologies,4.5,(543),IT Services & Consulting,Pune +8 other locations,1.1k,14,--,114,1,"Company Culture, Work Life Balance, Work Satisfaction"
Insuremile,4.7,(539),Internet,Bengaluru +16 other locations,79,83,1,1,--,"Company Culture, Work Life Balance, Skill Development"
Bharti Infratel,4.7,(535),Telecom,Gurugram +68 other locations,1.1k,6,--,73,3,"Company Culture, Skill Development, Work Life Balance"
Hitech Projects Limited,4.6,(524),Engineering & Construction,Ahmedabad +8 other locations,683,59,--,15,4,"Company Culture, Job Security, Skill Development"
ACTE,4.6,(521),Education & Training,Chennai +10 other locations,118,9,--,173,--,"Work Satisfaction, Job Security, Promotions"
Tradeshala,4.5,(521),Education & Training,Bengaluru +8 other locations,36,119,--,7,7,"Work Life Balance, Skill Development, Company Culture"
ThoughtSol Infotech Limited,4.6,(512),IT Services & Consulting,New Delhi +18 other locations,602,100,--,5,21,"Company Culture, Work Life Balance, Job Security"
Symphony,4.6,(469),Consumer Electronics & Appliances,Ahmedabad +88 other locations,1.1k,63,2,22,15,"Company Culture, Work Life Balance, Work Satisfaction"
DB Power Limited,4.7,(444),Power,New Delhi +13 other locations,761,64,--,26,9,"Work Life Balance, Job Security, Company Culture"
Tutopia,4.5,(440),EdTech,Kolkata +4 other locations,413,254,1,2,--,"Company Culture, Work Life Balance, Skill Development"
K D Hospital,4.5,(439),Healthcare,Ahmedabad +8 other locations,352,23,21,7,6,"Company Culture, Job Security, Skill Development"
The Belgian Waffle co,4.5,(415),Hospitality,Mumbai +29 other locations,729,58,--,3,10,"Work Life Balance, Company Culture, Work Satisfaction"
Dodsal Engineering & Construction,4.5,(414),Engineering & Construction,Mumbai +35 other locations,684,16,--,71,--,"Work Satisfaction, Skill Development, Company Culture"
Viva Composite Panel,4.5,(412),Building Material,Mumbai +61 other locations,624,101,26,11,15,"Company Culture, Work Life Balance, Work Satisfaction"
Motilal Oswal Private Wealth Management,4.5,(411),Financial Services,Mumbai +26 other locations,272,83,--,2,5,"Skill Development, Company Culture, Work Life Balance"
Indian Space Research Organisation,4.6,(409),Defence & Aerospace,Bengaluru +36 other locations,1.3k,24,--,39,3,"Company Culture, Work Life Balance, Work Satisfaction"
NR Consulting,4.7,(393),Recruitment,Noida +17 other locations,320,84,736,7,17,"Company Culture, Work Life Balance, Work Satisfaction"
CapeStart,4.5,(393),IT Services & Consulting,New Delhi +4 other locations,644,83,28,131,22,"Company Culture, Job Security, Skill Development"
AIMLAY,4.6,(391),EdTech,New Delhi +3 other locations,419,16,10,15,29,"Skill Development, Company Culture, Work Life Balance"
Learning Routes,4.5,(390),EdTech,Gurugram +15 other locations,427,111,6,14,18,"Company Culture, Skill Development, Work Satisfaction"
Transact Global,4.6,(388),BPO,Bengaluru +2 other locations,415,95,17,13,3,"Company Culture, Work Life Balance, Job Security"
Kaddacon Systems,4.6,(383),IT Services & Consulting,Pune +8 other locations,--,18,--,--,2,"Company Culture, Work Life Balance, Work Satisfaction"
Dimension Data,4.5,(380),IT Services & Consulting,Bengaluru +54 other locations,1.2k,8,--,41,--,"Work Life Balance, Company Culture, Work Satisfaction"
Kirloskar Toyota Textile Machinery,4.5,(380),Industrial Machinery,Bengaluru +11 other locations,805,21,--,45,5,"Company Culture, Work Life Balance, Salary"
KaaShiv InfoTech Company,4.8,(376),EdTech,Chennai +5 other locations,225,37,--,2,--,"Work Satisfaction, Company Culture, Job Security"
Watchyourhealth.com,4.6,(363),Emerging Technologies,New Delhi +3 other locations,365,55,--,22,2,"Company Culture, Work Life Balance, Work Satisfaction"
Gujarat Alkalies & Chemicals,4.6,(360),Chemicals,New Delhi +15 other locations,1.5k,28,10,43,--,"Work Life Balance, Job Security, Company Culture"
Jaguar Security Services,4.5,(351),Law Enforcement & Security,Bengaluru +22 other locations,928,29,13,29,--,"Salary, Company Culture, Work Life Balance"
M K Agrotech Private Limited,4.5,(345),Food Processing,New Delhi +45 other locations,483,57,3,24,--,"Company Culture, Work Life Balance, Work Satisfaction"
Leixir Dental Group,4.5,(345),Healthcare,Gurugram +2 other locations,666,131,2,18,--,"Job Security, Company Culture, Work Life Balance"
Pharmed,4.7,(326),Pharma,Bengaluru +47 other locations,308,37,3,18,1,"Company Culture, Work Satisfaction, Job Security"
JUNIPER GREEN ENERGY,4.5,(322),Power,Gurugram +37 other locations,805,35,2,12,2,"Job Security, Company Culture, Work Life Balance"
MDC Group of Companies,4.8,(318),Pharma,Mumbai +5 other locations,90,3,4,66,--,"Company Culture, Work Life Balance, Work Satisfaction"
Aksentt Tech Services,4.5,(317),IT Services & Consulting,Mumbai +20 other locations,413,155,1,13,1,"Company Culture, Work Life Balance, Work Satisfaction"
Angelique International,4.6,(314),Engineering & Construction,Noida +21 other locations,1k,14,2,34,--,"Company Culture, Work Life Balance, Work Satisfaction"
Opkey,4.5,(314),Software Product,Noida +8 other locations,586,26,20,204,--,"Skill Development, Company Culture, Work Satisfaction"
Markelytics Solutions,4.5,(313),Analytics & KPO,Bengaluru +5 other locations,352,2,1,60,--,"Work Life Balance, Company Culture, Work Satisfaction"
OneBanc Technologies,4.9,(313),FinTech,Gurugram +2 other locations,216,41,4,63,20,"Company Culture, Work Satisfaction, Job Security"
Infiniti Software Solutions,4.5,(312),Software Product,Chennai +6 other locations,576,110,8,7,45,"Job Security, Company Culture, Work Satisfaction"
UNITILE,4.6,(311),Building Material,Mumbai +15 other locations,379,43,16,98,59,"Company Culture, Work Life Balance, Work Satisfaction"
Military Engineer Services,4.6,(311),Engineering & Construction,New Delhi +77 other locations,667,13,--,30,--,"Work Life Balance, Company Culture, Work Satisfaction"
Outpace Consulting Services,4.6,(309),New Delhi +17 other locations,,138,89,--,13,3,"Work Life Balance, Company Culture, Work Satisfaction"
Zenex Animal Health,4.6,(308),Pharma,Ahmedabad +62 other locations,245,81,1,13,10,"Company Culture, Work Life Balance, Work Satisfaction"
Madina Group,4.5,(307),Oil & Gas,New Delhi +20 other locations,517,25,--,45,--,"Company Culture, Work Life Balance, Work Satisfaction"
DRA Homes,4.5,(304),Real Estate,Chennai +4 other locations,354,52,--,12,162,"Company Culture, Work Satisfaction, Skill Development"
Soma Enterprises,4.6,(302),Engineering & Construction,Hyderabad +49 other locations,750,7,--,49,--,"Work Satisfaction, Job Security, Skill Development"
Lanco Infratech,4.5,(300),Engineering & Construction,Gurugram +31 other locations,651,3,--,51,--,"Work Satisfaction, Skill Development, Work Life Balance"
Roki Minda Co,4.5,(300),Auto Components,Chennai +19 other locations,840,10,--,28,--,"Work Life Balance, Company Culture, Job Security"
Fexprime Finance,4.5,(298),Financial Services,New Delhi +47 other locations,705,7,--,27,--,"Company Culture, Work Life Balance, Work Satisfaction"
Pawzz,4.5,(300),Gurugram +11 other locations,,3,143,--,32,--,"Company Culture, Work Life Balance, Work Satisfaction"
First Flight Couriers,4.5,(294),Logistics,Mumbai +71 other locations,488,8,32,30,--,"Skill Development, Company Culture, Work Life Balance"
Bhash Software Labs,4.5,(293),Software Product,Bengaluru +4 other locations,146,43,2,25,--,"Work Life Balance, Skill Development, Company Culture"
Bharat Dynamics,4.5,(292),Defence & Aerospace,Hyderabad +7 other locations,704,11,--,44,--,"Work Life Balance, Company Culture, Work Satisfaction"
Online Legal India,4.5,(292),Other,Kolkata +7 other locations,55,22,--,22,8,"Work Life Balance, Job Security, Promotions"
Baoiam Innovations,4.6,(291),EdTech,New Delhi +11 other locations,43,18,--,11,--,"Work Life Balance, Company Culture, Work Satisfaction"
HM Group,4.5,(291),Real Estate,Bengaluru +3 other locations,417,36,--,8,--,"Company Culture, Work Life Balance, Work Satisfaction"
TourTravelWorld.Com,4.9,(290),Internet,New Delhi,2,103,--,3,12,"Company Culture, Work Life Balance, Work Satisfaction"
Think Future Technologies,4.5,(289),IT Services & Consulting,Gurugram +4 other locations,1.1k,55,13,8,16,"Work Life Balance, Company Culture, Work Satisfaction"
Quantzig,4.5,(285),Analytics & KPO,Bengaluru +4 other locations,388,6,2,59,--,"Salary, Work Life Balance, Promotions"
CloudFoundation,4.8,(282),Hyderabad +10 other locations,,171,1,5,8,--,"Company Culture, Work Life Balance, Work Satisfaction"
Girlscript Foundation,4.9,(280),Bengaluru +21 other locations,,13,73,--,2,--,"Company Culture, Work Life Balance, Skill Development"
Hero Vired,4.5,(275),Education & Training,New Delhi +7 other locations,553,15,--,2,--,"Salary, Company Culture, Work Life Balance"
BuildAHome,4.5,(274),Engineering & Construction,Bengaluru +5 other locations,350,84,2,51,2,"Company Culture, Work Satisfaction, Skill Development"
EVRY India,4.5,(273),IT Services & Consulting,Bengaluru +3 other locations,1.3k,19,--,26,3,"Work Life Balance, Company Culture, Job Security"
indiagold,4.5,(273),FinTech,Gurugram +21 other locations,553,45,14,9,6,"Company Culture, Work Life Balance, Work Satisfaction"
Vantive,4.5,(267),Healthcare,Bengaluru +7 other locations,310,94,7,13,--,"Company Culture, Work Life Balance, Work Satisfaction"
Lafarge,4.6,(263),Building Material,Mumbai +73 other locations,521,10,--,51,--,"Company Culture, Job Security, Skill Development"
Gatewaypark Business,4.6,(261),Software Product,Bengaluru +6 other locations,5,19,--,--,--,"Work Life Balance, Company Culture, Work Satisfaction"
GrapplTech,4.8,(259),IT Services & Consulting,Bengaluru +12 other locations,15,16,--,12,--,"Company Culture, Work Life Balance, Work Satisfaction"
Augmont Goldtech,4.7,(258),Financial Services,Mumbai +57 other locations,308,95,10,4,10,"Company Culture, Work Life Balance, Work Satisfaction"
Singareni Collieries Company,4.5,(254),Metals & Mining,Hyderabad +19 other locations,586,12,--,23,--,"Work Life Balance, Job Security, Work Satisfaction"
HyperCITY,4.7,(252),Retail,Mumbai +21 other locations,389,4,--,42,--,"Skill Development, Work Life Balance, Company Culture"
Invertis University,4.7,(249),Education & Training,New Delhi +4 other locations,238,71,107,11,--,"Company Culture, Work Life Balance, Work Satisfaction"
Easyday Club,4.6,(249),Retail,New Delhi +74 other locations,434,11,--,43,--,"Skill Development, Work Life Balance, Work Satisfaction"
House of Hiranandani,4.6,(246),Real Estate,Mumbai +11 other locations,565,40,--,10,--,"Company Culture, Work Life Balance, Job Security"
AONE OUTSOURCING SOLUTIONS,4.6,(244),Financial Services,New Delhi +7 other locations,321,21,--,31,15,"Company Culture, Work Life Balance, Work Satisfaction"
Narmada Bio Chem,4.9,(242),Agro Chemicals,Ahmedabad +14 other locations,287,7,1,58,38,"Work Life Balance, Company Culture, Work Satisfaction"
United Alliance Technology,4.9,(241),IT Services & Consulting,Pune +6 other locations,27,5,--,90,--,"Company Culture, Work Life Balance, Work Satisfaction"
Chennai Petroleum Corporation,4.6,(240),Oil & Gas,Chennai +11 other locations,1k,20,--,19,--,"Job Security, Skill Development, Work Life Balance"
Shaw Toyota,4.9,(239),Automobile,Pune +3 other locations,143,57,--,75,2,"Company Culture, Work Life Balance, Work Satisfaction"
Manubhai Jewellers,4.7,(238),Jewellery,Mumbai +2 other locations,194,62,2,3,31,"Work Life Balance, Skill Development, Company Culture"
Karanwal Capital,4.6,(238),Investment Banking / Venture Capital / Private Equity,Mumbai +2 other locations,211,102,--,63,15,"Company Culture, Work Satisfaction, Job Security"
Model N,4.5,(238),Software Product,Hyderabad +1 other locations,926,31,12,13,62,"Company Culture, Work Life Balance, Work Satisfaction"
Placementindia.com,4.9,(236),Recruitment,New Delhi +2 other locations,5,10,--,4,31,"Company Culture, Work Life Balance, Work Satisfaction"
Sedin Technologies,4.5,(238),IT Services & Consulting,Chennai +5 other locations,1k,69,30,13,5,"Work Life Balance, Company Culture, Work Satisfaction"
National Insurance Company,4.6,(236),Insurance,Kolkata +81 other locations,566,7,--,23,--,"Work Life Balance, Job Security, Company Culture"
Innoval Digital Solutions,4.7,(234),Software Product,New Delhi +6 other locations,378,9,1,56,4,"Work Life Balance, Job Security, Skill Development"
Balaji Enterprises,4.5,(230),Real Estate,New Delhi +73 other locations,1.4k,11,7,16,1,"Company Culture, Work Life Balance, Work Satisfaction"
Impressico Business Solutions,4.5,(230),IT Services & Consulting,Noida +9 other locations,1k,17,13,41,9,"Company Culture, Work Life Balance, Work Satisfaction"
Rajan Technocast,4.7,(228),Industrial Machinery,New Delhi +18 other locations,173,10,1,8,--,"Salary, Company Culture, Work Life Balance"
Kserve Bpo,4.5,(224),BPO,Mumbai +5 other locations,460,9,2,4,--,"Work Life Balance, Company Culture, Work Satisfaction"
Army Ordnance Corps,4.8,(224),Defence & Aerospace,New Delhi +60 other locations,488,7,--,17,--,"Work Life Balance, Company Culture, Work Satisfaction"
Petrofac Engineering India,4.6,(222),Petrochemicals,Mumbai +12 other locations,1k,11,2,18,--,"Work Satisfaction, Salary, Company Culture"
SEO Discovery,4.9,(222),Financial Services,New Delhi +6 other locations,201,68,3,5,--,"Company Culture, Work Life Balance, Work Satisfaction"
Scyo Decision Services,4.5,(220),Analytics & KPO,Chennai +3 other locations,368,24,2,1,6,"Job Security, Work Life Balance, Company Culture"
Experion Developers,4.8,(220),Real Estate,Gurugram +9 other locations,648,6,--,10,--,"Company Culture, Work Life Balance, Work Satisfaction"
ONLEI Technologies,4.9,(217),Noida +22 other locations,,20,25,2,2,--,"Company Culture, Work Life Balance, Skill Development"
Ajmera Realty & Infra India,4.6,(217),Real Estate,Mumbai +6 other locations,580,4,38,7,--,"Company Culture, Work Life Balance, Work Satisfaction"
Prithvi Innerwears Private Limited,4.8,(216),Fashion & Textile,New Delhi +23 other locations,65,47,--,1,--,"Company Culture, Work Life Balance, Job Security"
YouTube,4.5,(209),Internet,New Delhi +41 other locations,896,11,--,12,--,"Work Satisfaction, Skill Development, Company Culture"
ACME Group,4.6,(208),Internet,Gurugram +28 other locations,292,31,--,4,--,"Work Life Balance, Skill Development, Salary"
Ways2excel,4.5,(207),EdTech,Kolkata +1 other locations,61,6,--,56,--,"Company Culture, Skill Development, Work Life Balance"
Lingaya's Vidyapeeth,4.5,(207),Education & Training,New Delhi +4 other locations,280,46,3,2,--,"Company Culture, Work Life Balance, Work Satisfaction"
Quest Diagnostics,4.5,(206),Healthcare,Hyderabad +11 other locations,912,11,4,26,--,"Work Life Balance, Salary, Company Culture"
Orthosquare Dental Clinic,4.5,(206),Healthcare,Mumbai +26 other locations,86,16,--,2,1,"Skill Development, Company Culture, Work Satisfaction"
Grass Roots Research & Creation,4.7,(205),Analytics & KPO,New Delhi +14 other locations,129,2,4,127,--,"Work Life Balance, Skill Development, Company Culture"
Sakarni Plaster,4.5,(206),Building Material,New Delhi +33 other locations,359,62,--,18,--,"Work Life Balance, Company Culture, Work Satisfaction"
Army Medical Corps,4.8,(205),Healthcare,New Delhi +33 other locations,661,18,--,36,--,"Job Security, Work Life Balance, Work Satisfaction"
Vrinsoft Technology,4.5,(203),IT Services & Consulting,Ahmedabad +2 other locations,232,31,1,7,--,"Company Culture, Skill Development, Work Life Balance"
SCON Projects,4.5,(202),Engineering & Construction,Pune +21 other locations,650,8,--,17,--,"Job Security, Company Culture, Salary"
Little Nap Recliners,4.7,(201),Furniture & Furnishing,New Delhi +18 other locations,29,34,1,41,97,"Company Culture, Work Satisfaction, Job Security"
E2logy Software Solutions,4.5,(200),IT Services & Consulting,Noida +2 other locations,222,14,6,94,--,"Work Life Balance, Work Satisfaction, Skill Development"
Mangalam Landmarks,4.8,(196),Real Estate,Pune +2 other locations,140,92,1,1,--,"Company Culture, Skill Development, Work Life Balance"
Go Speedy Go,4.5,(194),Automobile,New Delhi +12 other locations,100,16,--,30,30,"Company Culture, Work Life Balance, Skill Development"
Liyaans Properties,4.8,(193),Real Estate,Kolkata,60,5,2,5,1,"Company Culture, Work Life Balance, Work Satisfaction"
Vikas Money,4.7,(192),NBFC,New Delhi +9 other locations,54,15,--,1,--,"Company Culture, Work Life Balance, Skill Development"
Monnet Group,4.5,(191),Metals & Mining,New Delhi +18 other locations,447,12,--,18,--,"Work Life Balance, Job Security, Company Culture"
Godavari Krishna Co-operative Society,4.8,(190),Financial Services,New Delhi +17 other locations,98,61,6,--,3,"Skill Development, Company Culture, Work Life Balance"
Google Maps,4.8,(190),Internet,Hyderabad +26 other locations,156,21,--,4,--,"Work Life Balance, Work Satisfaction, Promotions"
Karuna Greentech,4.5,(188),Electrical Equipment,Kolkata +17 other locations,132,2,--,5,1,"Skill Development, Salary, Company Culture"
Raptim Research,4.5,(187),Clinical Research,Mumbai +5 other locations,915,14,--,15,--,"Job Security, Work Life Balance, Company Culture"
SmartSchool Education,4.6,(187),EdTech,Noida +13 other locations,431,48,3,50,--,"Company Culture, Work Life Balance, Work Satisfaction"
Aditya Anagha Multi State Credit Co-Operative Society,4.8,(187),Banking,New Delhi +30 other locations,107,5,--,2,--,"Company Culture, Work Life Balance, Job Security"
Vmoksha Technologies,4.5,(186),IT Services & Consulting,Bengaluru +4 other locations,529,24,--,6,--,"Work Life Balance, Work Satisfaction, Skill Development"
S kant Healthcare Ltd,4.6,(185),Pharma,New Delhi +8 other locations,513,9,1,8,16,"Company Culture, Work Life Balance, Work Satisfaction"
Eicher Trucks and Buses,4.5,(184),Automobile,New Delhi +53 other locations,557,12,--,25,1,"Company Culture, Work Life Balance, Work Satisfaction"
Cadworks India,4.9,(182),Design,New Delhi +6 other locations,61,10,--,6,--,"Skill Development, Company Culture, Work Life Balance"
O2 Power,4.5,(183),Power,Gurugram +34 other locations,505,8,--,2,--,"Company Culture, Work Life Balance, Work Satisfaction"
Vehere Technologies,4.5,(181),IT Services & Consulting,Kolkata +7 other locations,312,24,6,9,5,"Job Security, Company Culture, Work Life Balance"
MiM-Essay,4.5,(181),Education & Training,New Delhi +2 other locations,247,23,--,4,--,"Skill Development, Company Culture, Work Satisfaction"
Asianet Satellite Communications,4.5,(181),Internet,New Delhi +23 other locations,559,23,1,11,--,"Work Life Balance, Company Culture, Work Satisfaction"
Simpa Energy,4.6,(180),Power,Noida +32 other locations,339,1,--,25,--,"Company Culture, Work Life Balance, Work Satisfaction"
Sistema Shyam Teleservices,4.9,(180),Telecom,Gurugram +42 other locations,242,--,2,31,--,"Work Satisfaction, Salary, Company Culture"
Tech Vedhu,4.6,(179),Bengaluru +3 other locations,,8,10,--,23,--,"Company Culture, Job Security, Promotions"
Cytecare Cancer Hospital,4.6,(177),Healthcare,Bengaluru +3 other locations,453,14,9,12,4,"Company Culture, Skill Development, Work Life Balance"
Accurate Global Alliances,4.7,(174),Recruitment,Noida +6 other locations,59,10,--,2,--,"Skill Development, Company Culture, Work Life Balance"
CFlo,4.5,(174),Industrial Machinery,Kolkata +10 other locations,414,12,--,16,--,"Company Culture, Skill Development, Job Security"
Trawex Technologies,4.5,(174),Software Product,Bengaluru +1 other locations,139,20,8,10,--,"Company Culture, Work Life Balance, Work Satisfaction"
SR Fast Connect Staffing,4.5,(174),Noida +4 other locations,,22,55,--,24,--,"Company Culture, Work Life Balance, Work Satisfaction"
Wintax Solution,4.7,(174),Recruitment,New Delhi +60 other locations,26,4,--,114,2,"Company Culture, Work Life Balance, Work Satisfaction"
IREO,4.5,(172),Real Estate,Gurugram +10 other locations,584,6,--,24,--,"Work Life Balance, Job Security, Company Culture"
Lince Soft Solutions,4.6,(171),Recruitment,Hyderabad +5 other locations,1.7k,8,--,9,--,"Work Life Balance, Skill Development, Company Culture"
Allahabad Bank,4.5,(169),Banking,Kolkata +52 other locations,319,2,--,22,2,"Job Security, Company Culture, Promotions"
Consern Pharma Limited,4.6,(166),Pharma,New Delhi +26 other locations,219,30,10,23,14,"Company Culture, Job Security, Work Satisfaction"
Covestro,4.5,(165),Petrochemicals,New Delhi +10 other locations,597,16,3,19,--,"Company Culture, Work Life Balance, Salary"
High Court Lucknow,4.5,(163),Law Enforcement & Security,New Delhi +25 other locations,1.1k,6,--,13,--,"Skill Development, Work Life Balance, Work Satisfaction"
CollegePur,4.6,(161),Education & Training,New Delhi +7 other locations,7,61,5,8,--,"Company Culture, Work Life Balance, Work Satisfaction"
Saraswati Accountants Software,4.5,(160),IT Services & Consulting,New Delhi +4 other locations,126,23,--,14,11,"Skill Development, Company Culture, Job Security"
Webdew,4.5,(160),IT Services & Consulting,New Delhi +9 other locations,151,108,4,41,6,"Company Culture, Work Life Balance, Work Satisfaction"
IG Defence,4.6,(159),New Delhi +4 other locations,,35,7,--,2,--,"Company Culture, Work Life Balance, Work Satisfaction"
Aligarh Muslim University,4.5,(159),Education & Training,New Delhi +10 other locations,414,5,--,14,--,"Work Life Balance, Work Satisfaction, Skill Development"
AYN InfoTech,4.5,(158),IT Services & Consulting,Pune +12 other locations,184,1,--,48,--,"Work Life Balance, Company Culture, Work Satisfaction"
GKB Opticals,4.5,(158),Retail,Kolkata +24 other locations,375,7,--,9,--,"Company Culture, Job Security, Work Life Balance"
Sapphire Infocom,4.8,(158),IT Services & Consulting,Ahmedabad +4 other locations,16,38,3,13,--,"Company Culture, Work Life Balance, Work Satisfaction"
T&N Business Services,4.8,(158),Recruitment,New Delhi +9 other locations,67,55,115,3,11,"Skill Development, Company Culture, Work Life Balance"
Central Coalfields,4.5,(157),Metals & Mining,New Delhi +11 other locations,299,6,--,11,--,"Work Life Balance, Company Culture, Work Satisfaction"
Khushi Advertising Ideas Private Limited,4.5,(157),Marketing & Advertising,Mumbai +22 other locations,263,7,3,8,2,"Company Culture, Work Satisfaction, Job Security"
MedTourEasy,4.7,(156),Internet,New Delhi +9 other locations,186,6,--,1,8,"Work Life Balance, Skill Development, Company Culture"
Qatargas,4.6,(156),Oil & Gas,Mumbai +15 other locations,513,11,--,18,--,"Work Satisfaction, Skill Development, Company Culture"
Indian Armed Forces,4.5,(156),Government,New Delhi +40 other locations,398,5,--,9,--,"Job Security, Company Culture, Work Satisfaction"
Mahanadi Coalfields,4.5,(155),Metals & Mining,New Delhi +22 other locations,251,8,1,8,1,"Job Security, Salary, Company Culture"
Magma Housing Finance,4.5,(152),Financial Services,Kolkata +61 other locations,371,5,--,14,--,"Work Satisfaction, Job Security, Company Culture"
RealEstateIndia.com,4.8,(153),Real Estate,New Delhi +3 other locations,1.4k,1,--,4,9,"Work Life Balance, Promotions, Company Culture"
Classcanyon,4.5,(153),Education & Training,New Delhi +4 other locations,62,7,--,34,--,"Company Culture, Work Life Balance, Promotions"
Solaris Chemtech,4.5,(152),Chemicals,New Delhi +13 other locations,592,11,--,26,--,"Skill Development, Company Culture, Job Security"
Global Trade Plaza,4.8,(151),Internet,New Delhi +4 other locations,59,93,4,6,--,"Company Culture, Work Life Balance, Work Satisfaction"
Ambrane India,4.6,(151),Consumer Electronics & Appliances,New Delhi +10 other locations,409,8,5,3,--,"Company Culture, Work Life Balance, Work Satisfaction"
Manorama Industries Limited,4.5,(151),FMCG,New Delhi +5 other locations,501,6,14,8,--,"Work Life Balance, Skill Development, Salary"
Puropale Creations & IT Solutions,4.7,(149),IT Services & Consulting,Hyderabad +1 other locations,15,2,--,--,--,"Company Culture, Skill Development, Work Life Balance"
Xcelore,4.8,(150),IT Services & Consulting,Noida +3 other locations,120,33,10,1,13,"Skill Development, Company Culture, Work Satisfaction"
v4c.ai,4.6,(149),Pune +2 other locations,,231,37,--,3,4,"Skill Development, Company Culture, Work Satisfaction"
Vedic International School,4.5,(149),Education & Training,New Delhi +4 other locations,270,8,--,6,2,"Company Culture, Work Life Balance, Work Satisfaction"
Prestige Estates Projects,4.5,(148),Real Estate,Bengaluru +9 other locations,655,9,--,13,--,"Job Security, Company Culture, Work Life Balance"
Srei Sahaj e-Village,4.5,(147),Retail,Kolkata +33 other locations,266,3,2,27,--,"Skill Development, Company Culture, Work Life Balance"
Reserve Bank of India,4.7,(146),Government,Mumbai +25 other locations,1.1k,18,--,12,--,"Work Life Balance, Salary, Job Security"
Trident Automobiles,4.6,(145),Auto Components,Bengaluru +7 other locations,545,2,--,18,--,"Company Culture, Work Life Balance, Job Security"
Bdh Industries,4.7,(145),Pharma,Mumbai +6 other locations,325,3,25,11,--,"Work Life Balance, Job Security, Company Culture"
Tarasafe International Private Limited,4.5,(145),Kolkata +2 other locations,,209,9,--,2,--,"Company Culture, Job Security, Work Life Balance"
Capital Finserve,4.7,(145),NBFC,New Delhi +8 other locations,57,7,--,56,2,"Work Satisfaction, Skill Development, Company Culture"
Chai Break,4.6,(144),Kolkata +3 other locations,,61,67,--,--,--,"Company Culture, Work Life Balance, Work Satisfaction"
Girl Power Talk,4.6,(144),Internet,New Delhi +4 other locations,45,4,5,4,4,"Skill Development, Company Culture, Job Security"
UptoSkills,4.6,(143),New Delhi +11 other locations,,31,39,--,1,--,"Company Culture, Skill Development, Work Life Balance"
Livesalesman,4.8,(143),BPO,Noida +6 other locations,124,1,--,9,--,"Company Culture, Work Satisfaction, Promotions"
Aster Medcity,4.6,(143),Healthcare,New Delhi +10 other locations,537,7,--,16,--,"Skill Development, Company Culture, Work Life Balance"
SNS College of Technology,4.7,(142),Education & Training,New Delhi +3 other locations,87,35,--,111,--,"Company Culture, Work Life Balance, Work Satisfaction"
Infosys Springboard,4.7,(142),Bengaluru +31 other locations,,45,7,--,--,--,"Work Life Balance, Skill Development, Company Culture"
Royal HaskoningDHV,4.5,(141),Engineering & Construction,Chennai +29 other locations,440,3,9,15,--,"Work Life Balance, Company Culture, Work Satisfaction"
Indian School Finance Company,4.6,(141),NBFC,Hyderabad +38 other locations,509,1,--,19,32,"Company Culture, Work Life Balance, Work Satisfaction"
Frugal Testing,4.6,(141),IT Services & Consulting,Hyderabad +1 other locations,159,23,6,3,30,"Work Satisfaction, Skill Development, Company Culture"
HM Constructions,4.6,(141),Real Estate,Bengaluru +7 other locations,199,27,26,19,--,"Work Life Balance, Work Satisfaction, Job Security"
Alpha Net Consulting,4.6,(140),IT Services & Consulting,New Delhi +5 other locations,245,12,--,4,2,"Skill Development, Salary, Company Culture"
Drums Food International,4.6,(140),Food Processing,Mumbai +25 other locations,562,8,2,12,--,"Salary, Work Life Balance, Company Culture"
Aquera,4.6,(139),IT Services & Consulting,Bengaluru +1 other locations,322,15,6,23,--,"Company Culture, Promotions, Skill Development"
Saudi Oger,4.5,(139),Engineering & Construction,New Delhi +13 other locations,149,5,--,31,--,"Company Culture, Job Security, Work Satisfaction"
Brand Factory,4.7,(139),Retail,Mumbai +39 other locations,450,4,--,18,--,"Work Life Balance, Work Satisfaction, Job Security"
Banaras Hindu University,4.7,(138),Education & Training,New Delhi +14 other locations,368,6,--,18,--,"Work Satisfaction, Job Security, Company Culture"
Kiaasa Retail Limited,4.6,(139),Retail,New Delhi +36 other locations,305,20,--,1,1,"Company Culture, Work Life Balance, Work Satisfaction"
Unique Measurement Service,4.5,(138),Auto Components,Chennai +9 other locations,234,70,2,11,--,"Skill Development, Work Satisfaction, Job Security"
Digicommerce Solutions LLP,4.6,(137),Internet,Noida +5 other locations,188,8,8,4,7,"Company Culture, Work Life Balance, Work Satisfaction"
Csc Computer Education,4.5,(137),Education & Training,Chennai +51 other locations,556,5,--,9,--,"Skill Development, Company Culture, Work Satisfaction"
Sugam Homes,4.5,(136),Real Estate,Kolkata +3 other locations,290,23,8,4,--,"Company Culture, Job Security, Work Life Balance"
iQGateway,4.5,(136),IT Services & Consulting,Bengaluru +3 other locations,330,8,--,5,--,"Work Life Balance, Company Culture, Work Satisfaction"
Ramdev Food Products,4.5,(134),Food Processing,Ahmedabad +20 other locations,407,7,2,10,--,"Salary, Company Culture, Work Life Balance"
MindSquare Technologies,4.5,(133),IT Services & Consulting,Bengaluru +21 other locations,486,6,--,32,--,"Work Life Balance, Work Satisfaction, Company Culture"
Distacart,4.7,(132),Internet,Hyderabad +4 other locations,95,31,22,2,--,"Work Life Balance, Job Security, Company Culture"
Reynold India,4.6,(132),Industrial Machinery,Noida +11 other locations,255,3,20,7,--,"Company Culture, Work Life Balance, Work Satisfaction"
Presidio Solutions Pvt Ltd,4.6,(132),IT Services & Consulting,Chennai +5 other locations,865,29,4,3,--,"Skill Development, Company Culture, Work Life Balance"
Snovasys,4.5,(131),IT Services & Consulting,Hyderabad +1 other locations,303,76,--,2,5,"Salary, Work Satisfaction, Skill Development"
Indo-Tibetan Border Police,4.6,(132),Government,New Delhi +34 other locations,262,2,--,13,3,"Job Security, Salary, Company Culture"
Dasnac,4.5,(130),Real Estate,New Delhi +2 other locations,292,13,--,3,--,"Salary, Company Culture, Work Life Balance"
Nucot,4.6,(130),Recruitment,Bengaluru +1 other locations,44,7,--,1,13,"Job Security, Company Culture, Work Life Balance"
Basix,4.5,(130),Financial Services,Hyderabad +64 other locations,261,7,--,19,--,"Company Culture, Work Life Balance, Work Satisfaction"
WsCube Tech,4.9,(129),IT Services & Consulting,New Delhi +2 other locations,110,4,--,4,--,"Job Security, Skill Development, Company Culture"
DelEx Cargo,4.5,(127),Logistics,Mumbai +31 other locations,335,6,--,20,--,"Company Culture, Work Satisfaction, Work Life Balance"
Acent High Soft Technologies,4.7,(128),Recruitment,Noida +4 other locations,89,4,--,3,--,"Work Satisfaction, Job Security, Company Culture"
Vertex Global Services,4.5,(127),IT Services & Consulting,Gurugram +5 other locations,185,14,--,1,2,"Work Life Balance, Company Culture, Work Satisfaction"
Daelim Industrial Co.,4.8,(126),Petrochemicals,Chennai +13 other locations,95,4,--,28,--,"Company Culture, Skill Development, Promotions"
IndiaCan,4.6,(127),EdTech,New Delhi +39 other locations,131,3,--,20,1,"Skill Development, Company Culture, Work Satisfaction"
Shantha Biotechnics,4.8,(127),Biotechnology,Hyderabad +3 other locations,276,3,5,19,1,"Skill Development, Work Satisfaction, Work Life Balance"
Obbserv Online Services,4.5,(127),New Delhi +3 other locations,,141,4,2,20,--,"Work Satisfaction, Promotions, Skill Development"
QO BOX,4.6,(126),IT Services & Consulting,Chennai +3 other locations,68,6,--,10,--,"Skill Development, Company Culture, Work Satisfaction"
Meritshot,4.5,(126),Education & Training,Noida +2 other locations,63,22,2,2,--,"Work Life Balance, Company Culture, Work Satisfaction"
BeBran Digital,4.5,(125),New Delhi +2 other locations,,17,38,--,2,--,"Company Culture, Skill Development, Work Life Balance"
DELLA LEADERS CLUB,4.6,(125),IT Services & Consulting,Mumbai +4 other locations,123,3,22,26,4,"Skill Development, Company Culture, Work Life Balance"
Earlyjobs,4.8,(126),Recruitment,Bengaluru +4 other locations,13,37,--,2,2,"Company Culture, Skill Development, Work Life Balance"
Mores Techno Private Limited,4.8,(125),Real Estate,Noida +6 other locations,21,9,14,2,9,"Company Culture, Work Life Balance, Work Satisfaction"
Radiant Guard Services Pvt. Ltd. - India,4.8,(125),Law Enforcement & Security,Pune +14 other locations,87,23,--,1,12,"Work Life Balance, Company Culture, Work Satisfaction"
M G Contractors,4.5,(125),Engineering & Construction,New Delhi +27 other locations,428,5,--,13,--,"Work Satisfaction, Company Culture, Work Life Balance"
Gojavas,4.7,(124),Logistics,New Delhi +47 other locations,130,1,--,22,--,"Company Culture, Work Satisfaction, Work Life Balance"
Chetak Enterprises,4.5,(124),Engineering & Construction,Mumbai +22 other locations,436,--,--,14,--,"Work Life Balance, Company Culture, Work Satisfaction"
Powermax Fitness India,4.8,(124),Fitness & Wellness,Mumbai +3 other locations,101,3,--,2,--,"Skill Development, Job Security, Company Culture"
Sud Chemie,4.5,(124),Chemicals,New Delhi +5 other locations,565,5,--,16,--,"Work Life Balance, Job Security, Salary"
Richmondd Global School,4.8,(124),Education & Training,New Delhi +2 other locations,84,6,2,5,--,"Work Life Balance, Company Culture, Work Satisfaction"
Tribeca Developers,4.6,(124),Real Estate,Pune +7 other locations,261,26,39,2,--,"Company Culture, Salary, Work Life Balance"
ADS Spirits,4.5,(124),Beverage,New Delhi +29 other locations,498,8,7,9,--,"Work Life Balance, Work Satisfaction, Company Culture"
Suzlon Gujarat Wind Park,4.5,(123),Power,New Delhi +23 other locations,330,9,--,26,--,"Work Life Balance, Skill Development, Company Culture"
Next Move Strategy Consulting,4.8,(123),New Delhi +4 other locations,,20,31,--,15,39,"Company Culture, Work Satisfaction, Job Security"
Petronet LNG,4.6,(123),Oil & Gas,New Delhi +7 other locations,637,9,--,14,--,"Work Life Balance, Job Security, Salary"
Hombale Constructions and Estates,4.5,(123),Engineering & Construction,Bengaluru +6 other locations,465,2,--,24,--,"Salary, Company Culture, Work Life Balance"
Electronica India Limited,4.6,(122),Pune +25 other locations,,219,11,--,--,--,"Company Culture, Work Life Balance, Skill Development"
Kilitch Healthcare India,4.6,(122),Marketing & Advertising,Mumbai +18 other locations,451,26,--,--,--,"Company Culture, Work Life Balance, Work Satisfaction"
Arvog,4.7,(122),Financial Services,Mumbai +35 other locations,88,49,8,--,--,"Work Life Balance, Work Satisfaction, Skill Development"
Futures Group,4.6,(121),Retail,New Delhi +44 other locations,691,2,--,16,--,"Company Culture, Work Life Balance, Skill Development"
Wildnet Technologies,4.4,(121),Marketing & Advertising,Noida +4 other locations,516,14,15,7,2,"Company Culture, Work Life Balance, Work Satisfaction"
Hidoc Dr,4.7,(120),Internet,Pune +2 other locations,105,34,2,1,7,"Skill Development, Company Culture, Work Life Balance"
Mendine Pharmaceuticals,4.5,(120),Pharma,Kolkata +15 other locations,273,15,136,7,--,"Job Security, Company Culture, Work Life Balance"
Suhail Bahwan Automobiles,4.0,(120),Auto Components,New Delhi +10 other locations,290,3,--,22,--,"Company Culture, Skill Development, Work Life Balance"
The AEC Associates,4.5,(119),Engineering & Construction,Noida +3 other locations,205,15,2,7,8,"Company Culture, Work Life Balance, Work Satisfaction"
Ksk Energy Ventures,4.5,(119),Oil & Gas,Hyderabad +16 other locations,394,5,2,18,--,"Work Life Balance, Work Satisfaction, Skill Development"
My Engineering Buddy,4.7,(118),Education & Training,Bengaluru +3 other locations,5,9,--,1,--,"Work Satisfaction, Skill Development, Company Culture"
Ahlcon Parenterals,4.6,(118),Pharma,New Delhi +6 other locations,382,6,--,16,--,"Work Life Balance, Job Security, Company Culture"
Anko,4.5,(118),Retail,Bengaluru +3 other locations,910,16,8,20,5,"Work Life Balance, Company Culture, Work Satisfaction"
Haridwar University,4.5,(117),Education & Training,New Delhi +2 other locations,55,14,--,1,4,"Company Culture, Work Life Balance, Work Satisfaction"
Syscom Corporation,4.6,(117),IT Services & Consulting,Noida +5 other locations,381,4,--,23,--,"Company Culture, Job Security, Promotions"
PNG Jewellers,4.5,(117),Jewellery,Pune +23 other locations,392,13,9,5,--,"Company Culture, Job Security, Salary"
Chemco Plastic Industries Private Limited,4.5,(117),Petrochemicals,Mumbai +8 other locations,502,6,3,15,--,"Work Life Balance, Salary, Company Culture"
Trangile Services,4.5,(116),IT Services & Consulting,Noida +7 other locations,582,10,6,3,57,"Work Life Balance, Skill Development, Salary"
Relinns Technologies,4.5,(116),IT Services & Consulting,New Delhi +4 other locations,175,20,35,1,1.2k,"Company Culture, Skill Development, Work Satisfaction"
Piscesia Power Transmission,4.5,(115),Power,Noida +7 other locations,68,1,--,3,--,"Work Life Balance, Company Culture, Work Satisfaction"
Graphura India Private Limited,4.6,(115),Marketing & Advertising,Gurugram +3 other locations,3,70,--,41,--,"Skill Development, Company Culture, Work Life Balance"
Delta Exchange,4.8,(115),Financial Services,Bengaluru +3 other locations,191,37,3,1,1,"Company Culture, Work Life Balance, Work Satisfaction"
Emblix Solutions,4.5,(114),IT Services & Consulting,Hyderabad +2 other locations,112,4,5,39,8,"Company Culture, Work Satisfaction, Work Life Balance"
Azkka Pharmaceuticals,4.6,(114),Pharma,Ahmedabad +21 other locations,166,15,--,6,--,"Company Culture, Work Life Balance, Work Satisfaction"
Digiglobe Solutions,4.8,(114),IT Services & Consulting,Hyderabad +11 other locations,5,3,--,8,--,"Skill Development, Company Culture, Work Life Balance"
Bop Realty,4.6,(113),Real Estate,Noida +8 other locations,300,8,4,3,1,"Company Culture, Work Life Balance, Work Satisfaction"
Senrysa Technologies,4.5,(113),IT Services & Consulting,Kolkata +10 other locations,321,10,1,15,--,"Job Security, Skill Development, Company Culture"
HumanHire Corp.,4.6,(113),IT Services & Consulting,New Delhi +2 other locations,43,39,2,5,26,"Company Culture, Work Satisfaction, Work Life Balance"
Associative,4.9,(113),Software Product,Pune,52,115,3,99,39,"Company Culture, Salary, Work Life Balance"
SuperProcure,4.8,(113),Software Product,Kolkata +5 other locations,275,9,9,5,--,"Company Culture, Work Satisfaction, Skill Development"
Sofitel Luxury Hotel,4.5,(113),Hospitality,Mumbai +11 other locations,349,9,4,12,--,"Salary, Skill Development, Job Security"
Bangalore Baptist Hospital,4.5,(113),Healthcare,Bengaluru +1 other locations,368,2,9,12,--,"Work Life Balance, Company Culture, Work Satisfaction"
Adarsh Group,4.5,(113),Bengaluru +10 other locations,,617,1,--,1,--,"Work Life Balance, Company Culture, Work Satisfaction"
Techwise Digital,4.6,(112),IT Services & Consulting,Bengaluru +6 other locations,107,22,6,1,--,"Work Life Balance, Company Culture, Work Satisfaction"
Jamia Millia Islamia,4.5,(112),Education & Training,New Delhi +7 other locations,365,2,--,15,--,"Company Culture, Work Life Balance, Work Satisfaction"
Avant Garde Industries,4.7,(112),Industrial Machinery,Mumbai +3 other locations,79,43,3,2,--,"Job Security, Skill Development, Company Culture"
East West Seeds,4.5,(112),FMCG,New Delhi +24 other locations,393,10,--,10,1,"Company Culture, Work Life Balance, Work Satisfaction"
Armed Forces Tribunal,4.9,(111),Government,New Delhi +38 other locations,304,--,--,20,--,"Job Security, Company Culture, Work Satisfaction"
Vatsal Technosoft,4.5,(111),IT Services & Consulting,Ahmedabad +6 other locations,30,9,--,4,--,"Skill Development, Company Culture, Work Life Balance"
Imdaad,4.5,(111),Facility Management Services,New Delhi +8 other locations,173,8,--,14,1,"Skill Development, Job Security, Work Satisfaction"
Shell Recharge Solutions,4.7,(111),Software Product,Bengaluru +4 other locations,146,27,15,2,15,"Company Culture, Work Life Balance, Work Satisfaction"
Smart Software Services(I),4.8,(110),Software Product,Pune,1k,4,2,4,--,"Company Culture, Work Life Balance, Work Satisfaction"
Klizo Solutions,4.5,(110),IT Services & Consulting,Kolkata,142,27,--,13,--,"Skill Development, Company Culture, Work Life Balance"
Media NV,4.6,(111),Ahmedabad,,116,47,3,2,--,"Work Life Balance, Company Culture, Work Satisfaction"
Acesoft Labs,4.6,(109),IT Services & Consulting,Bengaluru +8 other locations,229,15,--,2,--,"Company Culture, Work Life Balance, Work Satisfaction"
Teks academy,4.5,(109),Hyderabad +5 other locations,,100,39,--,1,1,"Company Culture, Work Life Balance, Work Satisfaction"
Learning Saint,4.4,(110),Education & Training,Noida +3 other locations,23,13,1,2,3,"Company Culture, Work Life Balance, Work Satisfaction"
Scalex Media,4.7,(108),Bengaluru +2 other locations,,47,29,--,1,--,"Company Culture, Skill Development, Work Life Balance"
The Flights Guru Infotech,4.6,(108),Travel & Tourism,Gurugram +2 other locations,177,10,--,5,12,"Company Culture, Work Life Balance, Work Satisfaction"
Insphere Solutions,4.6,(108),Emerging Technologies,New Delhi +6 other locations,178,40,10,--,3,"Job Security, Company Culture, Work Life Balance"
Saleswallah,4.8,(107),Education & Training,Gurugram +1 other locations,71,12,--,1,--,"Company Culture, Work Life Balance, Work Satisfaction"
MicroSpark Software Solutions,4.7,(107),IT Services & Consulting,Hyderabad +6 other locations,1.3k,5,--,6,--,"Work Life Balance, Company Culture, Work Satisfaction"
Xperteez Technology,4.7,(106),IT Services & Consulting,Kolkata +5 other locations,40,45,--,3,4,"Company Culture, Work Life Balance, Skill Development"
Integrated Assessment Service,4.9,(106),Chennai +1 other locations,,61,19,3,1,--,"Company Culture, Work Satisfaction, Job Security"
UP Power Transmission,4.5,(106),Facility Management Services,New Delhi +39 other locations,183,1,--,5,--,"Work Life Balance, Company Culture, Skill Development"
KrishTeck Technologies,4.5,(105),IT Services & Consulting,New Delhi +26 other locations,16,8,5,1,5,"Company Culture, Work Life Balance, Work Satisfaction"
Codewave Technologies,4.7,(105),IT Services & Consulting,Bengaluru +3 other locations,274,15,1,3,11,"Company Culture, Work Life Balance, Work Satisfaction"
Shri Ram Centennial School,4.6,(105),Education & Training,New Delhi +4 other locations,176,8,--,8,--,"Skill Development, Company Culture, Salary"
Filter Concept Private Ltd,4.6,(104),Ahmedabad +2 other locations,,119,2,--,3,4,"Company Culture, Work Life Balance, Work Satisfaction"
Salini Impregilo,4.6,(104),Engineering & Construction,New Delhi +10 other locations,224,2,--,18,7,"Salary, Company Culture, Work Life Balance"
Filter Concept Private Ltd,4.6,(104),Ahmedabad +2 other locations,,119,2,--,3,4,"Company Culture, Work Life Balance, Work Satisfaction"
GreenTree Immigration,4.5,(104),IT Services & Consulting,Chennai +4 other locations,51,12,--,9,36,"Work Satisfaction, Skill Development, Company Culture"
Hitachi Home & Life Solutions,4.5,(103),Industrial Machinery,Ahmedabad +20 other locations,266,2,--,11,--,"Work Life Balance, Salary, Skill Development"
BIC Contracting,4.7,(103),Engineering & Construction,New Delhi +9 other locations,166,2,--,16,--,"Salary, Skill Development, Company Culture"
Metro Shoes,4.5,(103),Fashion & Textile,Mumbai +32 other locations,308,7,--,14,--,"Skill Development, Company Culture, Job Security"
Pune Property Investor,4.8,(103),Real Estate,Pune,26,13,1,1,--,"Company Culture, Work Life Balance, Salary"
Allahabad High Court,4.5,(103),Government,New Delhi +9 other locations,592,6,--,5,--,"Skill Development, Work Life Balance, Work Satisfaction"
Innercircle Softech,4.9,(103),IT Services & Consulting,Bengaluru,31,--,--,2,--,"Company Culture, Work Life Balance, Work Satisfaction"
Native Engineering,4.8,(103),Noida +5 other locations,,23,39,--,1,--,"Promotions, Skill Development, Salary"
Shalom Hills International School,4.8,(102),Education & Training,Gurugram +2 other locations,136,18,--,2,--,"Company Culture, Skill Development, Work Life Balance"
Gurman Industries,4.7,(103),New Delhi +9 other locations,,179,5,--,34,1,"Company Culture, Work Life Balance, Work Satisfaction"
Mindlogicx Infratec,4.7,(102),EdTech,Bengaluru +4 other locations,157,13,--,8,--,"Company Culture, Work Life Balance, Work Satisfaction"
CIPACA,4.6,(102),Chennai +13 other locations,,118,34,--,3,--,"Work Satisfaction, Skill Development, Company Culture"
SNS College of Engineering,4.7,(101),Education & Training,New Delhi +1 other locations,48,27,--,12,2,"Skill Development, Company Culture, Work Life Balance"
CT Group of Institutions,4.5,(101),Education & Training,New Delhi +5 other locations,176,4,--,6,--,"Company Culture, Work Life Balance, Work Satisfaction"
Brihaspathi Technologies,4.6,(101),IT Services & Consulting,Hyderabad +5 other locations,229,48,2,9,14,"Company Culture, Job Security, Skill Development"
Learnify Education,4.9,(100),EdTech,Noida +1 other locations,12,99,--,1,5,"Company Culture, Work Satisfaction, Job Security"
Hanu Reddy Realty,4.8,(100),Real Estate,Chennai +6 other locations,99,23,12,1,11,"Company Culture, Work Satisfaction, Skill Development"
Karza Technologies,4.5,(100),IT Services & Consulting,Mumbai +2 other locations,480,5,--,44,--,"Job Security, Company Culture, Work Life Balance"
TantranZm Technologies,4.5,(100),IT Services & Consulting,New Delhi +7 other locations,199,4,--,10,4,"Company Culture, Work Life Balance, Work Satisfaction"
Rui Chuang Technologies,4.5,(100),Consumer Electronics & Appliances,Ahmedabad +22 other locations,276,1,--,6,--,"Company Culture, Work Life Balance, Skill Development"
QDVC,4.8,(99),Engineering & Construction,New Delhi +5 other locations,95,3,--,20,--,"Work Satisfaction, Salary, Company Culture"
Anand and Anand,4.6,(99),Legal,New Delhi +8 other locations,295,4,--,4,--,"Salary, Work Life Balance, Work Satisfaction"
Aayan Infotech,4.9,(99),IT Services & Consulting,New Delhi +6 other locations,29,6,--,3,18,"Company Culture, Work Life Balance, Work Satisfaction"
Sanfe,4.5,(99),Internet,New Delhi +1 other locations,110,6,--,--,--,"Skill Development, Salary, Company Culture"
Croissance Clinical Research,4.7,(99),Clinical Research,Hyderabad +3 other locations,170,2,--,4,--,"Company Culture, Work Life Balance, Work Satisfaction"
PizzaExpress,4.6,(99),Hospitality,Mumbai +15 other locations,211,2,--,10,2,"Work Life Balance, Skill Development, Work Satisfaction"
Shyamoli Paribahan,4.6,(99),Travel & Tourism,Kolkata +1 other locations,53,68,15,6,7,"Company Culture, Skill Development, Work Satisfaction"
Doodhvale Farms,4.5,(98),Internet,New Delhi +1 other locations,18,12,--,--,--,"Skill Development, Company Culture, Work Life Balance"
SFOUR ESOLUTIONS,4.9,(98),Bengaluru,,1,--,--,1,--,"Company Culture, Work Life Balance, Work Satisfaction"
Q Group,4.6,(98),New Delhi +17 other locations,,52,16,--,19,1,"Work Life Balance, Company Culture, Work Satisfaction"
Ideas To Impacts Innovation,4.5,(98),IT Services & Consulting,Pune +2 other locations,413,9,3,9,--,"Work Life Balance, Company Culture, Work Satisfaction"
Achme Water Solution,4.9,(98),Waste Management,Mumbai +3 other locations,88,18,--,2,--,"Work Life Balance, Work Satisfaction, Skill Development"
Al Naboodah,4.5,(97),Engineering & Construction,New Delhi +9 other locations,197,3,--,14,--,"Company Culture, Work Satisfaction, Work Life Balance"
Empowering Assurance Systems,4.8,(97),Chennai +1 other locations,,18,11,--,--,--,"Company Culture, Work Life Balance, Work Satisfaction"
myStartUpCFO,4.7,(97),Accounting & Auditing,Bengaluru +7 other locations,165,6,--,5,26,"Company Culture, Work Life Balance, Work Satisfaction"
Supreme Court of India,4.5,(97),Government,New Delhi +6 other locations,579,6,--,9,1,"Skill Development, Work Satisfaction, Work Life Balance"
J.K. Helene Curtis,4.6,(97),Fashion & Textile,Mumbai +33 other locations,193,1,--,9,--,"Company Culture, Salary, Work Life Balance"
AHZ,4.6,(97),Education & Training,New Delhi +8 other locations,82,38,--,1,--,"Skill Development, Company Culture, Work Life Balance"
Aska Equipments Private Limited,4.5,(97),Defence & Aerospace,New Delhi +4 other locations,194,4,8,3,3,"Salary, Company Culture, Work Life Balance"
CRAW Security,4.5,(96),IT Services & Consulting,New Delhi +2 other locations,176,16,4,12,--,"Company Culture, Work Life Balance, Work Satisfaction"
KMV Spaces LLP,4.5,(96),Real Estate,Hyderabad +2 other locations,171,1,1,30,5,"Company Culture, Salary, Work Life Balance"
Sv Edusports,4.5,(96),Sports & Recreation,Bengaluru +26 other locations,153,--,5,11,3,"Skill Development, Company Culture, Work Satisfaction"
Creative Carve,4.7,(96),Automobile,Pune +3 other locations,222,11,1,2,3,"Salary, Company Culture, Work Life Balance"
Oxford International Education Group,4.6,(95),Mumbai,,43,--,--,6,--,"Skill Development, Company Culture, Work Satisfaction"
Gyaanta,4.6,(95),EdTech,New Delhi +6 other locations,3,1,--,1,--,"Work Life Balance, Skill Development, Company Culture"
SICK Sensors Intelligence,4.5,(95),Industrial Automation,Mumbai +16 other locations,278,19,2,4,--,"Work Life Balance, Company Culture, Work Satisfaction"
Cibeles Pharmaceuticals,4.5,(94),Pharma,Pune +21 other locations,65,10,--,2,--,"Work Life Balance, Company Culture, Work Satisfaction"
Garments India,4.5,(94),Fashion & Textile,Bengaluru +31 other locations,810,5,--,4,2,"Work Satisfaction, Skill Development, Company Culture"
Morpheus Human Consulting,4.6,(94),Recruitment,Mumbai +6 other locations,81,13,--,8,47,"Skill Development, Company Culture, Work Life Balance"
Doosan Heavy Industries & Construction,4.7,(94),Engineering & Construction,New Delhi +22 other locations,237,5,--,15,--,"Company Culture, Work Satisfaction, Skill Development"
Seller Drive,4.8,(93),Internet,New Delhi +1 other locations,110,11,1,1,5,"Skill Development, Company Culture, Work Life Balance"
Suraasa,4.6,(93),EdTech,Gurugram +6 other locations,177,9,1,1,--,"Company Culture, Work Life Balance, Job Security"
Right Advisors,4.7,(93),Recruitment,New Delhi +7 other locations,283,29,--,1,5,"Skill Development, Company Culture, Work Life Balance"
Bharat BPO Services,4.7,(93),BPO,Noida +10 other locations,252,3,--,16,--,"Company Culture, Job Security, Work Life Balance"
Frontlines Edutech (FLM),4.7,(92),Education & Training,Hyderabad,9,32,--,--,--,"Company Culture, Job Security, Work Life Balance"
Ineos Styrolution,4.5,(92),Chemicals,New Delhi +8 other locations,446,4,--,16,--,"Work Life Balance, Company Culture, Work Satisfaction"
Softmason Technologies India,5.0,(92),IT Services & Consulting,Hyderabad +4 other locations,1,99,3,4,--,"Company Culture, Work Life Balance, Work Satisfaction"
Asset Homes,4.7,(92),Engineering & Construction,New Delhi +12 other locations,229,19,13,2,3,"Skill Development, Work Satisfaction, Company Culture"
Bhailal Amin General Hospital,4.5,(93),Non-Profit,New Delhi +2 other locations,245,4,1,11,1,"Company Culture, Work Life Balance, Skill Development"
Edge Software Solutions,4.6,(92),IT Services & Consulting,Hyderabad +2 other locations,621,4,--,1,--,"Work Life Balance, Company Culture, Work Satisfaction"
Wellversed,4.7,(91),Fitness & Wellness,Gurugram +2 other locations,154,4,2,5,--,"Skill Development, Company Culture, Job Security"
Omnist Techhub Solutions,4.9,(91),IT Services & Consulting,Noida +3 other locations,100,9,1,4,1,"Company Culture, Work Life Balance, Work Satisfaction"
Codeflies Technologies Pvt. Ltd,4.6,(91),IT Services & Consulting,Noida +4 other locations,143,22,1,12,17,"Company Culture, Work Life Balance, Work Satisfaction"
@home,4.5,(91),Hospitality,Mumbai +26 other locations,847,2,1,3,--,"Work Life Balance, Company Culture, Skill Development"
DianApps,4.5,(91),IT Services & Consulting,New Delhi +1 other locations,221,12,7,27,--,"Company Culture, Work Life Balance, Work Satisfaction"
Karuna Group of Companies,4.6,(90),Kolkata +5 other locations,,32,2,--,2,--,"Company Culture, Work Life Balance, Job Security"
Gulf Contracting,4.5,(89),Engineering & Construction,New Delhi +11 other locations,232,4,--,16,--,"Salary, Company Culture, Work Life Balance"
Agkem Impex,4.6,(89),Jewellery,New Delhi +16 other locations,133,12,5,1,5,"Company Culture, Work Life Balance, Work Satisfaction"
Sky Gourmet Catering,4.6,(89),Hospitality,New Delhi +9 other locations,266,1,--,17,--,"Company Culture, Work Life Balance, Work Satisfaction"
KASMO,4.5,(89),IT Services & Consulting,Bengaluru +4 other locations,257,8,--,1,5,"Company Culture, Skill Development, Work Life Balance"
Aswartha Condition Monitoring Engineers,4.6,(88),Engineering & Construction,Hyderabad +22 other locations,157,3,--,9,--,"Skill Development, Salary, Work Satisfaction"
Corporation Bank,4.7,(88),Banking,Bengaluru +33 other locations,190,1,--,16,--,"Work Satisfaction, Skill Development, Salary"
Mee Seva Western union,4.5,(88),Hyderabad +27 other locations,,186,3,--,4,--,"Work Life Balance, Skill Development, Work Satisfaction"
Special Protection Group,4.9,(88),Government,New Delhi +6 other locations,203,1,--,9,--,"Company Culture, Work Life Balance, Work Satisfaction"
Saviance Technologies,4.8,(88),IT Services & Consulting,Gurugram +3 other locations,142,6,--,8,--,"Company Culture, Work Satisfaction, Skill Development"
Jetspeed Logistics,4.5,(88),Logistics,Mumbai +7 other locations,108,67,1,1,--,"Company Culture, Job Security, Work Life Balance"
Bharti Retail,4.5,(88),Retail,Gurugram +36 other locations,115,--,--,16,--,"Company Culture, Skill Development, Work Life Balance"
Satnam Webtech,4.7,(88),New Delhi +3 other locations,,111,9,--,1,2,"Skill Development, Company Culture, Work Life Balance"
Sai Enterprises,4.6,(88),Electrical Equipment,Pune +32 other locations,698,4,2,1,--,"Company Culture, Work Life Balance, Work Satisfaction"
Probey Services Private Limited,4.7,(89),Internet,Noida +2 other locations,18,16,10,7,11,"Company Culture, Work Life Balance, Work Satisfaction"
Achievers Spot,4.6,(87),Education & Training,Chennai +13 other locations,31,14,18,11,--,"Job Security, Skill Development, Company Culture"
Nuclear Fuel Complex,4.5,(86),Government,Hyderabad +7 other locations,278,3,--,6,3,"Work Life Balance, Company Culture, Work Satisfaction"
I3 MATRIX,4.7,(86),Chennai,,20,18,3,--,--,"Company Culture, Work Life Balance, Work Satisfaction"
HP Globalsoft,4.8,(86),Bengaluru +3 other locations,,387,--,--,14,--,"Company Culture, Work Life Balance, Work Satisfaction"
The MobileStore,4.8,(86),Internet,Ahmedabad +23 other locations,246,3,--,9,--,"Skill Development, Salary, Company Culture"
Excelity Global,4.5,(86),Recruitment,Bengaluru +6 other locations,314,1,--,12,1,"Company Culture, Skill Development, Job Security"
Centurion Software Solutions,4.5,(86),IT Services & Consulting,Bengaluru +3 other locations,1.4k,1,--,23,--,"Company Culture, Work Life Balance, Work Satisfaction"
MahaOnline,4.7,(86),IT Services & Consulting,Mumbai +23 other locations,182,5,--,13,--,"Company Culture, Work Life Balance, Skill Development"
Assetz Property Group,4.5,(86),Real Estate,Bengaluru +2 other locations,436,8,--,7,--,"Job Security, Work Life Balance, Company Culture"
CLP India,4.5,(86),Power,Mumbai +10 other locations,398,5,--,18,2,"Company Culture, Job Security, Work Life Balance"
Trustline Securities,4.6,(86),Investment Banking / Venture Capital / Private Equity,Noida +19 other locations,288,4,5,11,1,"Work Life Balance, Company Culture, Work Satisfaction"
Fintech Forge,4.7,(86),Gurugram +1 other locations,,10,7,1,--,--,"Work Life Balance, Skill Development, Company Culture"
InI Farms,4.5,(86),Agriculture,Mumbai +11 other locations,365,7,--,6,--,"Company Culture, Work Life Balance, Skill Development"
Independent Consultant,4.6,(86),EdTech,Bengaluru +24 other locations,2.6k,7,--,3,--,"Work Life Balance, Company Culture, Work Satisfaction"
SBI Kiosk Banking,4.5,(86),Banking,New Delhi +45 other locations,180,13,--,8,--,"Skill Development, Company Culture, Work Life Balance"
MindTrail Technologies,4.5,(86),IT Services & Consulting,Hyderabad +5 other locations,1.1k,2,--,1,--,"Company Culture, Work Life Balance, Work Satisfaction"
Propusers.com,4.5,(86),Real Estate,Noida +4 other locations,91,19,3,--,3,"Company Culture, Skill Development, Work Life Balance"
VIVA,4.6,(85),Mumbai +40 other locations,,91,2,--,6,--,"Company Culture, Skill Development, Work Life Balance"
N S Associates,4.6,(86),Engineering & Construction,New Delhi +13 other locations,341,3,--,2,--,"Skill Development, Work Life Balance, Company Culture"
Moog India Technology Center,4.4,(86),Defence & Aerospace,Bengaluru +3 other locations,418,5,10,8,--,"Company Culture, Work Life Balance, Work Satisfaction"
MeeSeva Center,4.7,(85),Government,Hyderabad +32 other locations,121,5,--,7,--,"Skill Development, Work Satisfaction, Company Culture"
BDx Data Centers,4.8,(85),IT Services & Consulting,Mumbai +4 other locations,180,6,5,1,--,"Work Life Balance, Work Satisfaction, Job Security"
Clikon Technologies,4.8,(85),IT Services & Consulting,Noida +3 other locations,578,1,--,3,--,"Company Culture, Work Satisfaction, Job Security"
High Creation Interior Projects Pvt Ltd,4.5,(85),Architecture & Interior Design,Noida +4 other locations,42,15,6,1,9,"Work Life Balance, Company Culture, Work Satisfaction"
Credicus,4.7,(85),Internet,Pune +3 other locations,39,14,1.7k,1,--,"Company Culture, Work Life Balance, Skill Development"
Amenity Appliances,4.8,(84),Kolkata +8 other locations,,36,3,--,--,1,"Company Culture, Job Security, Work Life Balance"
Corefront Technologies,4.7,(84),IT Services & Consulting,Bengaluru +5 other locations,889,1,--,--,--,"Work Life Balance, Company Culture, Work Satisfaction"
Landmark Global Organisation,4.5,(84),Hyderabad +2 other locations,,35,25,--,1,3,"Skill Development, Company Culture, Work Life Balance"
Kuhoo Finance Private Limited,4.5,(84),NBFC,Mumbai +9 other locations,265,16,1,6,34,"Company Culture, Skill Development, Work Satisfaction"
NowPurchase,4.7,(84),Industrial Machinery,Kolkata +6 other locations,253,16,30,3,29,"Company Culture, Work Life Balance, Work Satisfaction"
Manikgarh Cement,4.6,(84),Building Material,New Delhi +10 other locations,191,2,--,11,--,"Skill Development, Company Culture, Work Satisfaction"
Valuesoft Info Services,4.7,(83),IT Services & Consulting,Bengaluru +3 other locations,232,5,--,14,19,"Company Culture, Work Life Balance, Work Satisfaction"
Kapoor Industries,4.5,(83),New Delhi +6 other locations,,303,5,--,8,1,"Company Culture, Work Life Balance, Work Satisfaction"
AVT McCormick Ingredients,4.5,(83),Food Processing,New Delhi +9 other locations,456,4,--,9,14,"Company Culture, Work Life Balance, Salary"
Uges Powermax,4.5,(83),New Delhi +25 other locations,,248,4,--,3,--,"Company Culture, Skill Development, Work Life Balance"
Nihon Parkerizing,4.6,(83),Chemicals,New Delhi +8 other locations,405,7,2,7,--,"Job Security, Company Culture, Work Life Balance"
Carillion Alawi LLC,4.6,(83),Facility Management Services,New Delhi +11 other locations,99,3,--,11,1,"Work Satisfaction, Work Life Balance, Company Culture"
Renaissance Hotels,4.5,(83),Hospitality,Mumbai +6 other locations,272,2,--,2,--,"Company Culture, Work Life Balance, Job Security"
Revenue Department,4.6,(82),New Delhi +43 other locations,,341,4,--,3,4,"Work Satisfaction, Work Life Balance, Skill Development"
Surjit Hire Purchase,4.5,(82),New Delhi +23 other locations,,146,2,--,1,1,"Salary, Company Culture, Skill Development"
Mancer Consulting Services,4.6,(82),Recruitment,New Delhi +5 other locations,148,19,4,7,--,"Company Culture, Work Life Balance, Work Satisfaction"
Hirva Hr Solutions,4.8,(82),Recruitment,New Delhi +33 other locations,28,3,--,51,13,"Company Culture, Work Satisfaction, Promotions"
Skill Stork International School,4.7,(82),Education & Training,New Delhi +3 other locations,105,10,--,6,--,"Job Security, Skill Development, Work Satisfaction"
Lifestyle Housing,4.6,(82),Real Estate,Chennai,157,32,11,--,--,"Company Culture, Work Life Balance, Work Satisfaction"
Codincity Digital Technologies,4.8,(82),IT Services & Consulting,New Delhi +2 other locations,189,3,18,26,1,"Company Culture, Work Life Balance, Skill Development"
Beaver Infra Consultants,4.6,(82),Engineering & Construction,New Delhi +13 other locations,288,6,5,14,--,"Work Life Balance, Job Security, Work Satisfaction"
Brain Vision Technology,4.5,(82),IT Services & Consulting,Pune +4 other locations,1.1k,2,4,6,--,"Company Culture, Work Life Balance, Work Satisfaction"
Dwarikesh Sugar Industries,4.5,(82),Food Processing,New Delhi +6 other locations,339,7,--,5,--,"Work Life Balance, Work Satisfaction, Company Culture"
AVA Technology,4.8,(82),New Delhi +5 other locations,,9,6,--,--,--,"Company Culture, Work Life Balance, Work Satisfaction"
Holiday Tribe Private Limited,4.5,(82),Travel & Tourism,Gurugram +2 other locations,51,30,4,2,14,"Skill Development, Company Culture, Work Life Balance"
De Lage Landen Financial Services,4.5,(81),Financial Services,Mumbai +28 other locations,251,3,--,8,--,"Work Life Balance, Company Culture, Work Satisfaction"
Deejos Engineers & Contractors,4.9,(81),Architecture & Interior Design,Chennai +2 other locations,36,4,15,2,--,"Company Culture, Work Life Balance, Work Satisfaction"
Receivables Exchange of India,4.5,(81),FinTech,Mumbai +8 other locations,387,3,--,4,--,"Work Life Balance, Company Culture, Work Satisfaction"
Axio Biosolutions,4.5,(81),Medical Equipment,Ahmedabad +9 other locations,365,13,7,16,--,"Company Culture, Work Life Balance, Work Satisfaction"
Khansaheb Civil Engineering LLC,4.6,(81),Engineering & Construction,New Delhi +10 other locations,129,4,--,15,--,"Work Life Balance, Company Culture, Work Satisfaction"
IGO Agri Techfarms,4.6,(81),Food Processing,Chennai,40,31,9,--,--,"Company Culture, Work Satisfaction, Job Security"
Kesaria Rubber Industries,4.5,(81),Auto Components,Gurugram +5 other locations,278,2,2,11,1,"Work Life Balance, Work Satisfaction, Job Security"
BACentric,4.8,(81),Education & Training,Hyderabad +2 other locations,71,9,--,2,--,"Work Life Balance, Skill Development, Work Satisfaction"
Sigma Software Solutions,4.5,(81),IT Services & Consulting,Hyderabad +7 other locations,652,3,--,3,--,"Company Culture, Work Life Balance, Work Satisfaction"
Kingfisher Airlines,4.8,(81),Aviation,Mumbai +20 other locations,202,3,--,16,--,"Work Satisfaction, Salary, Company Culture"
Pr Professionals,4.9,(81),Marketing & Advertising,Gurugram +6 other locations,115,6,8,5,20,"Job Security, Company Culture, Work Life Balance"
ITIO Innovex Pvt Ltd,4.6,(81),FinTech,New Delhi +5 other locations,99,21,9,1,13,"Skill Development, Company Culture, Work Life Balance"
Pragyawan Technologies,4.6,(81),Noida +8 other locations,,122,42,--,1,--,"Company Culture, Work Satisfaction, Work Life Balance"
Bit Hub Technology,4.5,(81),IT Services & Consulting,Pune,1.3k,4,4,6,--,"Company Culture, Skill Development, Work Life Balance"
Cypherox Technologies Pvt. Ltd.,4.7,(80),IT Services & Consulting,New Delhi +1 other locations,77,60,2,1,--,"Work Satisfaction, Job Security, Skill Development"
JPAL,4.8,(81),Analytics & KPO,New Delhi +26 other locations,136,5,--,16,--,"Work Satisfaction, Work Life Balance, Salary"
Accucia Softwares Private Limited,4.6,(80),Software Product,Pune,53,55,--,1,21,"Company Culture, Work Satisfaction, Skill Development"
Golden Star Facilities and Services,4.6,(80),Facility Management Services,Hyderabad +13 other locations,287,4,--,12,--,"Work Life Balance, Work Satisfaction, Job Security"
Codelattice Digital Solutions,4.5,(80),IT Services & Consulting,New Delhi +4 other locations,94,1,7,6,5,"Company Culture, Work Life Balance, Work Satisfaction"
GigDe,4.5,(80),Marketing & Advertising,Noida +11 other locations,37,23,--,30,7,"Work Satisfaction, Job Security, Salary"
Skaf Construction,4.5,(80),Engineering & Construction,Mumbai +6 other locations,281,1,--,4,--,"Work Life Balance, Job Security, Skill Development"
Numera Finance,4.9,(80),Financial Services,Bengaluru +5 other locations,4,12,--,3,18,"Company Culture, Work Life Balance, Work Satisfaction"
NextGenVision Technology,4.6,(80),Financial Services,Noida +4 other locations,907,1,14,4,--,"Work Satisfaction, Skill Development, Company Culture"
Byteridge,4.5,(80),Software Product,Hyderabad,303,15,15,5,37,"Company Culture, Work Life Balance, Work Satisfaction"
Manasa Defence Academy,4.9,(79),New Delhi +3 other locations,,11,2,--,--,6,"Company Culture, Work Life Balance, Work Satisfaction"
Infinity Soft Systems,4.5,(79),IT Services & Consulting,Noida +1 other locations,229,3,--,2,--,"Company Culture, Skill Development, Salary"
Freestone Infotech,4.5,(79),IT Services & Consulting,Mumbai +4 other locations,261,3,3,21,4,"Company Culture, Work Life Balance, Skill Development"
ITC Wills Lifestyle,4.6,(79),Fashion & Textile,Gurugram +29 other locations,248,1,--,13,--,"Company Culture, Work Satisfaction, Job Security"
Tcart Global Services,4.6,(79),Recruitment,Gurugram,42,17,--,1,--,"Company Culture, Work Life Balance, Work Satisfaction"
